Date,Episode,Movies,Documentaries,Shows,Books,Podcasts,Music,Articles,Misc.
7/4/2022,Connie Britton,This is Where I Leave You,Ken Burns Hemingway,Friday Night Lights,Dear Edward,,,,
7/4/2022,Connie Britton,Out of Sight,,Dear Edward (Apple TV),This is Where I Leave You,,,,
7/4/2022,Connie Britton,Top Gun,,White Lotus (HBO),,,,,
7/4/2022,Connie Britton,,,Mamas (Roku),,,,,
7/4/2022,Connie Britton,,,Prehistoric Planet (Apple TV),,,,,
7/4/2022,Connie Britton,,,The Old Man (Hulu),,,,,
,,,,,,,,,
6/30/2022,Brett Scott,,,,Cloud Money,,,,
6/30/2022,Brett Scott,,,,"Debt the First 5,000 Years",,,,
6/30/2022,Brett Scott,,,,"Snow Crash, Neil Stevensen",,,,
,,,,,,,,,
6/6/2022,Zazie Beetz,Top Gun,,Atlanta,Zazie dans le Métro,,The Lost Daughter,,
6/6/2022,Zazie Beetz,,,,"Henry and June, Anaïs Nin",,Inside Out,,
6/6/2022,Zazie Beetz,,,,"Little Birds, Anaïs Nin",,"Watermelon Sugar, Harry Styles",,
6/6/2022,Zazie Beetz,,,,"Sapiens: A Brief History of Humankind, Yuval Noah Harari",,"Call me Maybe, Carly Rae Jepsen",,
6/6/2022,Zazie Beetz,,,,"Finding Me: A Memoir, Viola Davis",,"In the Middle, Zedd, Maren Morris & Grey",,
6/6/2022,Zazie Beetz,,,,"Enlightenment Now: The Case for Reason, Science, Humanism, and Progress, Steven Pinker",,,,
6/6/2022,Zazie Beetz,,,,"Down and Out in Paris and London, George Orwell",,,,
,,,,,,,,,
7/11/2022,David Sedaris,,Andre the Giant ,The Old Man,Happy Go Lucky ,"Revisionist History, Apple Podcasts",,Little Lotta comic strips,
7/11/2022,David Sedaris,,,Only Murders in the Building,"Blitzed: Drugs in the Third Reich, Norman Ohler",,,An Anaconda's Play Date With Dolphins Took a Strange Turn,
,,,,,,,,,
7/7/2022,Kathleen Belew,,Oklahoma City,,"Bring the War Home: The White Power Movement and Paramilitary America, Kathleen Belew ",,,,
7/7/2022,Kathleen Belew,,Benjamin Franklin: A Ken Burns Film,,"Washington: A Life, Ron Chernow",,,,
7/7/2022,Kathleen Belew,,,,"Aftermath: Violence and the Remaking of a Self, Susan Brison",,,,
,,,,,,,,,
7/14/2022,Seirian Sumner,Bee Movie,,60 Minutes Clone Collapse - What's Wrong with the Bees?,Endless Forms: The Secret World of Wasps,,,,
7/14/2022,Seirian Sumner,,,,Dopamine Nation,,,,
,,,,,,,,,
7/14/2022,Seirian Sumner,,,As We See It,,Take Your Shoes Off,"Your Song, Elton John",,
7/14/2022,Seirian Sumner,,,Undateable,,Riffin with Griffin,"All My Life, K-Ci & JoJo",,
7/14/2022,Seirian Sumner,,,,,,"Piano Man, Billy Joel",,
7/14/2022,Seirian Sumner,,,,,,"My Heart Will Go On, Celine Deon",,
,,,,,,,,,
7/21/2022,R.L. Stine,R.L. Stine's Mostly Ghostly,They Call Me Magic,The Nightmare Room,"Garbage Pail Kids, R.L. Stine, book #1 on bookshop.org",,,,
7/21/2022,R.L. Stine,Death on the Nile,,Goosebumps,"Ray Bradbury, author page on bookshop.org",,,,
7/21/2022,R.L. Stine,Murder on the Orient Express,,The Rehearsal,"Harry Potter series, JK Rowling, book #1 on bookshop.org",,,,
7/21/2022,R.L. Stine,The Worst Person in the World,,,"Jack Reacher series, Lee Child, book #1 on bookshop.org",,,,
7/21/2022,R.L. Stine,,,,"Haunting with the Stars (Goosebumps Slappyworld #17), R.L. Stine bookshop.org",,,,
7/21/2022,R.L. Stine,,,,"The Nightmare Room series, R.L. Stine, book #1 on goodreads",,,,
7/21/2022,R.L. Stine,,,,"Rotten School, R.L. Stine, bookshop.org",,,,
7/21/2022,R.L. Stine,,,,"Stinetinglers: All New Stories by the Master of Scary Tales, R.L. Stine, bookshop.org",,,,
7/21/2022,R.L. Stine,,,,"Inspector Rebus series, Ian Rankin, book #1 on bookshop.org",,,,
7/21/2022,R.L. Stine,,,,"It Came from Ohio!: My Life as a Writer, R.L. Stine, bookshop.org",,,,
7/21/2022,R.L. Stine,,,,"Rick Steves Vienna, Salzburg & Tirol, bookshop.org",,,,
7/21/2022,R.L. Stine,,,,"Goosebumps series, R.L. Stine, list of books on goodreads",,,,
7/21/2022,R.L. Stine,,,,"Fear Street series, R.L. Stine, book #1 on bookshop.org",,,,
7/21/2022,R.L. Stine,,,,"Mostly Ghostly series, R.L. Stine, list of books on goodreads",,,,
7/21/2022,R.L. Stine,,,,"Goosebumps SlappyWorld series, R.L. Stine, book #1 on bookshop.org",,,,
,,,,,,,,,
7/25/22,John Early,Fort Tilden,"The Most Hated Family in America, Louis Theroux",Search Party,"Washington: A Life, Ron Chernow, bookshop.org","Nobody's Listening, Right?, Apple Podcasts","Henry Mancini, Baby Elephant Walk",,
7/25/22,John Early,Phantom Thread,,The After Party,,,,,
7/25/22,John Early,Top Gun - Maverick,,Thirty Rock,,,,,
7/25/22,John Early,Invasion of the Body Snatchers,,Would it Kill you to Laugh,,,,,
7/25/22,John Early,The Path Between the Seas,,The Characters,,,,,
7/25/22,John Early,To Kill a Mockingbird,,Will and Grace,,,,,
7/25/22,John Early,Soul Man,,,,,,,
7/25/22,John Early,Shawshank Redemption,,,,,,,
7/25/22,John Early,Let's Go to Prison,,,,,,,
7/25/22,John Early,Serial Mom,,,,,,,
7/25/22,John Early,Pink Flamingo,,,,,,,
7/25/22,John Early,Polyester,,,,,,,
7/25/22,John Early,Hitari,,,,,,,
7/25/22,John Early,Zathura,,,,,,,
,,,,,,,,,
6/23/2022,Steve Brusatte,Jurassic World,Our Great National Parks,The Good Place,"The Rise and Fall of the Dinosaurs, Steve Brusatte, bookshop.org","Nobody's Listening, Right?, Apple Podcasts",,,
6/23/2022,Steve Brusatte,Indiana Jones,Roadrunner: A Film About Anthony Bourdain,Prehistoric Planet,"The Rise and Reign of Mammals, Steve Brusatte, bookshop.org",,,,
6/23/2022,Steve Brusatte,Jurassic Park,,Peaky Blinders,"Guns, Germs, and Steel: The Fates of Human Societies, Jared Diamond, bookshop.org",,,,
6/23/2022,Steve Brusatte,Trainspotting,,Kitchen Confidential,"Washington: A Life, Ron Chernow, bookshop.org",,,,
6/23/2022,Steve Brusatte,,,No Reservations,"Trainspotting, Irvine Welsh, bookshop.org",,,,
6/23/2022,Steve Brusatte,,,Parts Unknown,"The Devil in the White City: Murder, Magic, and Madness at the Fair That Changed America Trade Book, Erik Larson, bookshop.org",,,,
6/23/2022,Steve Brusatte,,,,"Kitchen Confidential, Anthony Bourdain",,,,
,,,,,,,,,
8/1/2022,Shaun White,Top Gun,Tony Robbins: I Am Not Your Guru,Vampire Diaries,"Me and Muhammad Ali, Jabari Asim and AG Ford, bookshop.org",,HAIM,,
8/1/2022,Shaun White,Goodwill Hunting,The Weight of Gold,The Great,"The Tipping Point, Malcolm Gladwell, bookshop.org",,Bad Things,,
8/1/2022,Shaun White,,jeen-yuhs: A Kanye Trilogy,Drive to Survive,"Moby Dick, Herman Melville, bookshop.org",,The Black Keys,,
8/1/2022,Shaun White,,,The Jersey -  Disney show,"The Old Man and the Sea, Ernest Hemingway, bookshop.org",,,,
8/1/2022,Shaun White,,,,"The Odyssey, Homer, bookshop.org",,,,
8/1/2022,Shaun White,,,,"Jaws, Peter Benchley, bookshop.org",,,,
8/1/2022,Shaun White,,,,"Man-VS-Nature, Ponk Vonsydow, bookshop.org",,,,
8/1/2022,Shaun White,,,,"The Iliad, Homer, bookshop.org",,,,
,,,,,,,,,
8/4/2022,Tracy Dennis-Tiwary,,,,On Killing,"Nobody's Listening, Right?, Apple Podcasts",,Hold Onto Your Hats (and Bags). Travelers to Europe Face Chaos. New York Times,
8/4/2022,Tracy Dennis-Tiwary,,,,"Future Tense: Why Anxiety Is Good for You (Even Though It Feels Bad), Tracy Dennis-Tiwary, bookshop.org","Revisionist History, Apple Podcasts",,,
8/4/2022,Tracy Dennis-Tiwary,,,,The Language of Life,,,,
,,,,,,,,,
7/28/2022,Malcolm Gladwell,Arthur,George Carlin's American Dream,The Brady Bunch,"The Tipping Point, Malcolm Gladwell","Revisionist History, Apple Podcasts",,,
7/28/2022,Malcolm Gladwell,,,The Flinstones,"Blink, Malcolm Gladwell","This Week in Virology, Apple Podcasts",,,
7/28/2022,Malcolm Gladwell,,,Will and Grace,"Outliers, Malcolm Gladwell","Car Show! with Eddie Alterman, Apple Podcasts",,,
7/28/2022,Malcolm Gladwell,,,Top Gear,"David and Goliath, Malcolm Gladwell",,,,
7/28/2022,Malcolm Gladwell,,,,"Talk to Strangers, Malcolm Gladwell",,,,
,,,,,,,,,
8/8/2022,Jesse Tyler Ferguson,Ice Age,,Modern Family,"Escape and Suicide of John Wilkes Booth, Finis L. Bates ","Gay Pride and Prejudice, Spotify",,,"Assasains, Playbill"
8/8/2022,Jesse Tyler Ferguson,Ice Age: Collision Course,,Do Not Disturb,,"Quitters, Apple Podcasts",,,"The 25th Annual Putnam County Spelling Bee, Playbill"
8/8/2022,Jesse Tyler Ferguson,,,The Class,,,,,"Take Me Out, Playbill"
8/8/2022,Jesse Tyler Ferguson,,,Friday Night Lights,,,,,
8/8/2022,Jesse Tyler Ferguson,,,Extreme Makeover Home Edition,,,,,
,,,,,,,,,
8/15/2022,Ben Stiller,Tropic Thunder,,Rehearsal,,,,,
8/15/2022,Ben Stiller,Night at the Museum,,Severance,,,,,
8/15/2022,Ben Stiller,Zoolander,,The Ben Stiller Show,,,,,
8/15/2022,Ben Stiller,Zoolander 2,,Kids in the Hall,,,,,
8/15/2022,Ben Stiller,Chips,,Escape at Dannemora,,,,,
8/15/2022,Ben Stiller,The Warriors,,Ted Lasso,,,,,
8/15/2022,Ben Stiller,The Exorcist,,Saturday Night Live,,,,,
8/15/2022,Ben Stiller,Scarface,,30 Rock,,,,,
8/15/2022,Ben Stiller,Idiocracy,,Game of Thrones,,,,,
8/15/2022,Ben Stiller,Bottle rocket,,West Wing,,,,,
8/15/2022,Ben Stiller,Swingers,,Sopranos,,,,,
8/15/2022,Ben Stiller,Happy Gilmore,,Cheers,,,,,
8/15/2022,Ben Stiller,The Big Picture,,Mad Men,,,,,
8/15/2022,Ben Stiller,Meet the Parents,,,,,,,
8/15/2022,Ben Stiller,Something About Mary,,,,,,,
8/15/2022,Ben Stiller,Flirting with Disaster,,,,,,,
8/15/2022,Ben Stiller,Silver Linings Playbook,,,,,,,
8/15/2022,Ben Stiller,Raising Arizona,,,,,,,
8/15/2022,Ben Stiller,Spanking the Monkey,,,,,,,
8/15/2022,Ben Stiller,Zero Effect,,,,,,,
8/15/2022,Ben Stiller,Thief,,,,,,,
,,,,,,,,,
8/18/2022,Woo-Kyoung Ahn,,,,Thinking 101: How to Reason Better to Live Better,,,,
8/18/2022,Woo-Kyoung Ahn,,,,The Weirdest People in the World,,,,
8/18/2022,Woo-Kyoung Ahn,,,,"Behave, Robert",,,,
8/18/2022,Woo-Kyoung Ahn,,,,"Washington: A Life, Ron Chernow",,,,
,,,,,,,,,
8/11/2022,David Lieberman,,The Anarchists,,"Washington: A Life, Ron Chernow",,,,
8/11/2022,David Lieberman,,,,"Mindreader: The New Science of Deciphering What People Really Think, What They Really Want, and Who They Really Are, David Lieberman",,,,
,,,,,,,,,
8/22/2022,Zoey Deutch,"Set it Up, Netflix",,The Politician,,,"Scenes from a Restaurant, Billy Joel",,
8/22/2022,Zoey Deutch,Everybody Wants Some,,Caroline in the City,,,,,
8/22/2022,Zoey Deutch,The Outfit,,,,,,,
8/22/2022,Zoey Deutch,Not Okay,,,,,,,
8/22/2022,Zoey Deutch,Pretty in Pink,,,,,,,
8/22/2022,Zoey Deutch,Some Kind of Wonderful,,,,,,,
8/22/2022,Zoey Deutch,Howard the Duck,,,,,,,
8/22/2022,Zoey Deutch,The Great Outdoors,,,,,,,
8/22/2022,Zoey Deutch,Back to the Future,,,,,,,
8/22/2022,Zoey Deutch,Zombieland,,,,,,,
,,,,,,,,,
8/29/2022,Neil Patrick Harris,The Prestige,,In & Of Itself,"The Prestige, Christopher Priest",,,,Rent
8/29/2022,Neil Patrick Harris,Harold and Kumar,,Doogie Howser,Essentialism,,,,
8/29/2022,Neil Patrick Harris,Gone Girl,,Uncoupled,A Series of Unfortunate Events,,,,
8/29/2022,Neil Patrick Harris,This is Where I Leave You,,How I Met Your Mother,Dopamine Nation,,,,
8/29/2022,Neil Patrick Harris,,,Sex in the City,,,,,
8/29/2022,Neil Patrick Harris,,,90210,,,,,
8/29/2022,Neil Patrick Harris,,,Emily In Paris,,,,,
,,,,,,,,,
9/19/2022,Ice-T,Colors,,Law and Order SVU,Split Decision,,Power (Album),,
9/19/2022,Ice-T,,,Sway's Universe,Hunting El Chapo,,,,
,,,,,,,,,
9/29/2022,Saul Kassin,,The Confessions on Frontline,Making a Murderer,Dooped: Why Inncocent People Confess,,,,
9/29/2022,Saul Kassin,,Central Park 5,Dahmer,"Outliers, Malcolm Gladwell",,,,
9/29/2022,Saul Kassin,,Bling Ring,,,,,,
,,,,,,,,,
9/23/2021,Andrew Huberman,The Right Stuff,Real Sports,,"This is Your Mind on Plants, Michael Pollan",Huberman Lab,,,
9/23/2021,Andrew Huberman,,,,Dopamine Nation,,,,
9/23/2021,Andrew Huberman,,,,Why We Sleep,,,,
,,,,,,,,,
11/4/2021,Paul Bloom,John Wick,Inside Bill's Brain,Scenes from a Marriage,"Against Empathy, Paul Bloom",,,"Covid's Partisan Errors, New York Times",
11/4/2021,Paul Bloom,Once Upon a Time in Hollywood,,Squid Game,"Just Babies: The Origin of Good and Evil, Paul Bloom",,,,
11/4/2021,Paul Bloom,Falling Down,,Two and a Half Men,"How Pleasure Works, Paul Bloom",,,,
11/4/2021,Paul Bloom,,,Big Bang Theory,"The Sweet Spot, Paul Bloom",,,,
11/4/2021,Paul Bloom,,,,Notes From the Underground,,,,
11/4/2021,Paul Bloom,,,,50 Shades of Grey,,,,
11/4/2021,Paul Bloom,,,,Everybody Lies,,,,
,,,,,,,,,
9/26/2022,Jennette McCurdy,Titanic,,iCarly,I'm Glad My Mom Died,"Where Should We Begin, Esther Perel",,,"One Woman Show, I'm Glad My Mom Died"
9/26/2022,Jennette McCurdy,Eternal Sunshine of the Spotless Mind,,Blue Bloods,Behave,Empty Inside,,,
9/26/2022,Jennette McCurdy,,,911,,,,,
,,,,,,,,,
9/5/2022,Tom Hanks,Pinocchio,The Last Movie Stars,The Love Boat,"The Carpetbaggers, Harold Robbins",Revisionist History,Smoking Right into Birmingham,,
9/5/2022,Tom Hanks,Larry Crowne,,Bosom Buddies,Avenger,,,,
9/5/2022,Tom Hanks,High Fidelity,,Will and Grace,Sidartha,,,,
9/5/2022,Tom Hanks,Road to Perdition,,,,,,,
9/5/2022,Tom Hanks,Angels and Demons,,,,,,,
9/5/2022,Tom Hanks,Butch Cassidy and the Sundance Kid,,,,,,,
9/5/2022,Tom Hanks,Philadelphia,,,,,,,
9/5/2022,Tom Hanks,And the Band Played On,,,,,,,
9/5/2022,Tom Hanks,King Kong,,,,,,,
9/5/2022,Tom Hanks,Smoky and the Banditt,,,,,,,
9/5/2022,Tom Hanks,Used Cars,,,,,,,
9/5/2022,Tom Hanks,Forest Gump,,,,,,,
9/5/2022,Tom Hanks,James Bond,,,,,,,
9/5/2022,Tom Hanks,Swiss Family Robinson,,,,,,,
,,,,,,,,,
10/3/2022,Kevin Bacon,Footloose,Val,Euphoria,,Nobody's Listening,"Running Up That Hill, Kate Bush",,Slab Boys (play)
10/3/2022,Kevin Bacon,Karate Kid,,As We See it,,,,,
10/3/2022,Kevin Bacon,Elf,,Stranger Things,,,,,
10/3/2022,Kevin Bacon,Home Alone,,Punk'd,,,,,
10/3/2022,Kevin Bacon,She's Having a Baby,,City on a Hill,,,,,
10/3/2022,Kevin Bacon,Planes Trains and Automobiles,,I Love Dick,,,,,
10/3/2022,Kevin Bacon,Breakfast Club,,The Closer,,,,,
10/3/2022,Kevin Bacon,Shawshank Redemption,,,,,,,
10/3/2022,Kevin Bacon,Diner,,,,,,,
10/3/2022,Kevin Bacon,Without a Paddle,,,,,,,
10/3/2022,Kevin Bacon,Mystic River,,,,,,,
10/3/2022,Kevin Bacon,JFK,,,,,,,
10/3/2022,Kevin Bacon,They/Them,,,,,,,
10/3/2022,Kevin Bacon,Friday the Thirteenth,,,,,,,
10/3/2022,Kevin Bacon,Get Out,,,,,,,
,,,,,,,,,
9/1/2022,Erin Kimmerle,RRR,,,We Carry Their Bones,,,,
,,,,,,,,,
10/6/2022,Jonathan Abrams,,The Story of Jay-Z,Atlanta,Boys Among Men,,"Bullet Train, Ibrahim",,
10/6/2022,Jonathan Abrams,,DMX: Don't Try to Understand,Adult Swim,All The Pieces Matter,,Tupac,,
10/6/2022,Jonathan Abrams,,Watch jeen-yuhs: A Kanye Trilogy,The Patient,The Come Up,,"Walk This Way, Run DMC",,
10/6/2022,Jonathan Abrams,,,Watch the Sound - with Mark Ronson,,,NWA,,
10/6/2022,Jonathan Abrams,,,Alone,,,Ice Cube,,
10/6/2022,Jonathan Abrams,,,Tell Me Lies,,,Ghetto Boys,,
10/6/2022,Jonathan Abrams,,,,,,DJ Kool Herc,,
10/6/2022,Jonathan Abrams,,,,,,Afrika Bambaataa ,,
10/6/2022,Jonathan Abrams,,,,,,Grand Master Flash,,
10/6/2022,Jonathan Abrams,,,,,,De La Sol,,
10/6/2022,Jonathan Abrams,,,,,,"Colors, Ice-T",,
10/6/2022,Jonathan Abrams,,,,,,"6 'n the Mornin', Ice-T",,
10/6/2022,Jonathan Abrams,,,,,,Eazy-E,,
10/6/2022,Jonathan Abrams,,,,,,Dr Dre,,
10/6/2022,Jonathan Abrams,,,,,,Jay-Z,,
10/6/2022,Jonathan Abrams,,,,,,J Dilla,,
10/6/2022,Jonathan Abrams,,,,,,Common,,
10/6/2022,Jonathan Abrams,,,,,,"Lose Yourself, Eminem",,
10/6/2022,Jonathan Abrams,,,,,,Outkast,,
10/6/2022,Jonathan Abrams,,,,,,Ludacris,,
10/6/2022,Jonathan Abrams,,,,,,"Throw the D, 2 Live Crew",,
10/6/2022,Jonathan Abrams,,,,,,DJ Screw,,
10/6/2022,Jonathan Abrams,,,,,,Scarface,,
10/6/2022,Jonathan Abrams,,,,,,Lil John,,
10/6/2022,Jonathan Abrams,,,,,,Killer Mike,,
10/6/2022,Jonathan Abrams,,,,,,Cash Money,,
10/6/2022,Jonathan Abrams,,,,,,Puff Daddy,,
10/6/2022,Jonathan Abrams,,,,,,Biggie,,
10/6/2022,Jonathan Abrams,,,,,,Tribe Called Quest,,
10/6/2022,Jonathan Abrams,,,,,,"Illmatic, Nas",,
10/6/2022,Jonathan Abrams,,,,,,"The Blacker the Berry, Kendrick Lamar",,
10/6/2022,Jonathan Abrams,,,,,,"Damn, Kendrick Lamar",,
10/6/2022,Jonathan Abrams,,,,,,Public Enemy ,,
10/6/2022,Jonathan Abrams,,,,,,Snoop,,
10/6/2022,Jonathan Abrams,,,,,,Will Smith,,
10/6/2022,Jonathan Abrams,,,,,,Miles Davis,,
10/6/2022,Jonathan Abrams,,,,,,Cole Train,,
10/6/2022,Jonathan Abrams,,,,,,Dj Khalid ,,
10/6/2022,Jonathan Abrams,,,,,,Rhakim Ali,,
10/6/2022,Jonathan Abrams,,,,,,Anderson .Paak,,
,,,,,,,,,
10/17/2022,Elisabeth Moss,Boogie Nights,,Handmaid's Tale,,Revisionist History,,,
10/17/2022,Elisabeth Moss,Call Me By Your Name,,Parenthood,,Nobody's Listening,,,
10/17/2022,Elisabeth Moss,A Serious Man,,The Good Place,,,,,
10/17/2022,Elisabeth Moss,The Judge,,West Wing,,,,,
10/17/2022,Elisabeth Moss,The Power of the Dog,,Mad Men,,,,,
10/17/2022,Elisabeth Moss,,,Off Camera with Sam Jones,,,,,
10/17/2022,Elisabeth Moss,,,Fargo,,,,,
,,,,,,,,,
10/13/2022,Reza Aslan,,Hostages,The Leftovers,"Zealot: The Life and Times of Jesus of Nazareth, Reza Aslan",Making Sense with Sam Harris,,Humans 'predisposed' to believe in gods and the afterlife,
10/13/2022,Reza Aslan,,,Friends Leather Pants episode,"An American Martyr in Persia: The Epic Life and Tragic Death of Howard Baskerville, Reza Aslan",Meetaphysical Milkshake,,Are kids born with an innate belief in God?,
10/13/2022,Reza Aslan,,,,The Bible,,,,
,,,,,,,,,
10/25/2022,Hasan Minhaj,RRR,,The King's Jester,,,,,
10/25/2022,Hasan Minhaj,The Lunchbox,,Parenthood,,,,,
10/25/2022,Hasan Minhaj,Jurassic World,,,,,,,
10/25/2022,Hasan Minhaj,La La Land,,,,,,,
10/25/2022,Hasan Minhaj,Zathura,,,,,,,
10/25/2022,Hasan Minhaj,Idiocracy,,,,,,,
,,,,,,,,,
10/27/0222,Felix Gillette & John Koblin,Apocalypse Now,The Defiant Ones,Dream On,It's not TV,Howard Stern,,"Farewell, Millennial Lifestyle Subsidy",7 Dirty Words
10/27/0222,Felix Gillette & John Koblin,Stalin,Hearts of Darkness,Friends,The Night of the Gun,,,,
10/27/0222,Felix Gillette & John Koblin,Moonstruck,American Movie,Curb Your Enthusiasm,,,,,
10/27/0222,Felix Gillette & John Koblin,Footloose,Real Sex,Project Green Light,,,,,
10/27/0222,Felix Gillette & John Koblin,Top Gun,Salesman,THe Come back,,,,,
10/27/0222,Felix Gillette & John Koblin,Dead Ahead: The Exxon Valdez Disaster ,Gang War: Bangin' in Little Rock,Succession,,,,,
10/27/0222,Felix Gillette & John Koblin,,Pradise Lost,Sopranos,,,,,
10/27/0222,Felix Gillette & John Koblin,,Brother's Keeper,Silicon Valley,,,,,
10/27/0222,Felix Gillette & John Koblin,,,Sex and the City,,,,,
10/27/0222,Felix Gillette & John Koblin,,,Dream On,,,,,
10/27/0222,Felix Gillette & John Koblin,,,The Larry Sanders Show,,,,,
10/27/0222,Felix Gillette & John Koblin,,,Oz,,,,,
10/27/0222,Felix Gillette & John Koblin,,,Martin,,,,,
10/27/0222,Felix Gillette & John Koblin,,,If These Walls Could Talk,,,,,
10/27/0222,Felix Gillette & John Koblin,,,Deadwood,,,,,
10/27/0222,Felix Gillette & John Koblin,,,Six Feet Under,,,,,
10/27/0222,Felix Gillette & John Koblin,,,90210,,,,,
10/27/0222,Felix Gillette & John Koblin,,,Melrose Place,,,,,
10/27/0222,Felix Gillette & John Koblin,,,Northern Exposure,,,,,
10/27/0222,Felix Gillette & John Koblin,,,The Rockford Files,,,,,
10/27/0222,Felix Gillette & John Koblin,,,Central Park West,,,,,
10/27/0222,Felix Gillette & John Koblin,,,The Wire,,,,,
10/27/0222,Felix Gillette & John Koblin,,,Game of Thrones,,,,,
10/27/0222,Felix Gillette & John Koblin,,,Eupohoria,,,,,
10/27/0222,Felix Gillette & John Koblin,,,Seinfeld,,,,,
10/27/0222,Felix Gillette & John Koblin,,,The Pacific,,,,,
10/27/0222,Felix Gillette & John Koblin,,,Band of Brothers,,,,,
10/27/0222,Felix Gillette & John Koblin,,,Squid Game,,,,,
10/27/0222,Felix Gillette & John Koblin,,,The Lord of the Rings: The Rings of Power ,,,,,
10/27/0222,Felix Gillette & John Koblin,,,House of the Dragon,,,,,
10/27/0222,Felix Gillette & John Koblin,,,The Sandman,,,,,
10/27/0222,Felix Gillette & John Koblin,,,She-Hulk: Attorney at Law,,,,,
10/27/0222,Felix Gillette & John Koblin,,,Mad Men,,,,,
10/27/0222,Felix Gillette & John Koblin,,,Top Gear America,,,,,
10/27/0222,Felix Gillette & John Koblin,,,Girls,,,,,
10/27/0222,Felix Gillette & John Koblin,,,Sharp Objects,,,,,
10/27/0222,Felix Gillette & John Koblin,,,I May Destroy You,,,,,
,,,,,,,,,
10/31/2022,Gwen Stefani,Far from the Tree,LA Originals,The Simpsons,"Learning Outside the Lines, Jonathan Mooney",Who What Wear,"Don't Speak, No Doubt",,
10/31/2022,Gwen Stefani,Aviator,The Defiant Ones,The Voice,"The Dyslexic Advantiage, Brock Eide, Fernette Eide",Second Life,Valley Girl soundtrack,,
10/31/2022,Gwen Stefani,David and Goliath,,,"Far from the Tree, Andrew Solomon",,"Little Red Corvette, Prince",,
10/31/2022,Gwen Stefani,Valley Girl,,,"Outliers, Malcolm Gladwell",,"What You Waiting For, Gwen Stefani",,
10/31/2022,Gwen Stefani,Frozen,,,,,"Tragic Kingdom, No Doubt",,
10/31/2022,Gwen Stefani,,,,,,Bush,,
10/31/2022,Gwen Stefani,,,,,,Goo Goo Dolls,,
10/31/2022,Gwen Stefani,,,,,,Holler Back Girl,,
10/31/2022,Gwen Stefani,,,,,,"Serious, Gwen Stefani",,
10/31/2022,Gwen Stefani,,,,,,"Glamorous, Fergie",,
10/31/2022,Gwen Stefani,,,,,,"Luxurious, Gwen Stefani",,
10/31/2022,Gwen Stefani,,,,,,"A Boy Named Sue, Johnny Cash",,
10/31/2022,Gwen Stefani,,,,,,"Underneath it All, Gwen Stefani",,
10/31/2022,Gwen Stefani,,,,,,"Happy, Pharrell Williams",,
,,,,,,,,,
11/3/2022,Will Bunch (on college in America),Hocus Pocus,,,"The Brokenm Ladder, Keith Payne","Revisionist History, Food Fight episode",,,
11/3/2022,Will Bunch (on college in America),Hocus Pocus 2,,,"Washington: A Life, Ron Chernow","Revisionist History, Lord of the Rankings",,,
11/3/2022,Will Bunch (on college in America),,,,"The Credential Society, Randall Collins",Rabbit Hole,,,
11/3/2022,Will Bunch (on college in America),,,,"After the Ivory Tower Falls, Will Bunch",,,,
,,,,,,,,,
11/14/2022,John Stamos,Smokey and the Bandit,Selena Gomez: My Mind and Me,Matthew Perry - Diane Sawyer Interview,"Open Book, Jessica Simpson",Howard Stern,Beach Boys,The Comforts of Nostalgia,
11/14/2022,John Stamos,Boogie Nights,The Civil War (Ken Burns),Full House,,Huberman Lab,Summer Nights,,
11/14/2022,John Stamos,Grease,Killer Sally,Fuller House,,,,,
11/14/2022,John Stamos,Hit & Run,Low Country: The Murdaugh Dynasty ,ER,,,,,
11/14/2022,John Stamos,Never Too Young to Die,,General Hospital,,,,,
11/14/2022,John Stamos,Sucker Punch,,Euphoria,,,,,
11/14/2022,John Stamos,Shutter Island,,Big Shot,,,,,
11/14/2022,John Stamos,Don't Worry Darling,,,,,,,
11/14/2022,John Stamos,Fighting with my Family,,,,,,,
11/14/2022,John Stamos,Midsommar,,,,,,,
11/14/2022,John Stamos,Lady Macbeth,,,,,,,
11/14/2022,John Stamos,Outlaw King,,,,,,,
11/14/2022,John Stamos,True Lies,,,,,,,
11/14/2022,John Stamos,The Tragedy of Macbeth,,,,,,,
11/14/2022,John Stamos,Bringing Out the Dead,,Californication,,,,,
,,,,,,,,,
11/7/2022,Constance Wu,Crazy Rich Asians,Untold: The Girlfriend Who Didn’t Exist,Fresh Off the Boat,"Making a Scene, Constance Wu",,,,"Choose Something Like a Star, Robert Frost"
11/7/2022,Constance Wu,Fame,,,"The Fountainhead, Ayn Rand",,,,
11/7/2022,Constance Wu,Save the Last Dance,,,,,,,
11/7/2022,Constance Wu,Clueless,,,,,,,
11/7/2022,Constance Wu,Titanic,,,,,,,
11/7/2022,Constance Wu,Magnolia,,,,,,,
11/7/2022,Constance Wu,Memento,,,,,,,
11/7/2022,Constance Wu,Election,,,,,,,
11/7/2022,Constance Wu,American Beauty,,,,,,,
11/7/2022,Constance Wu,Hustlers,,,,,,,
11/7/2022,Constance Wu,Almost Famous,,,,,,,
,,,,,,,,,
9/22/2022,"Jared Diamond (geographer, historian, ornithologist)",,Making a Murderer,,"Guns, Germs, and Steel: The Fates of Human Societies, Jared Diamond",,,,
9/22/2022,"Jared Diamond (geographer, historian, ornithologist)",,,,"Sapiens: A Brief History of Humankind, Yuval Harari",,,,
9/22/2022,"Jared Diamond (geographer, historian, ornithologist)",,,,"Dopamine Nation: Finding Balance in the Age of Indulgence, Anna Lembke",,,,
9/22/2022,"Jared Diamond (geographer, historian, ornithologist)",,,,"The Molecule of More: How a Single Chemical in Your Brain Drives Love, Sex, and Creativity―and Will Determine the Fate of the Human Race, Daniel Lieberman and Michael Long",,,,
9/22/2022,"Jared Diamond (geographer, historian, ornithologist)",,,,"Behave: The Biology of Humans at Our Best and Worst, Robert Sapolsky",,,,
9/22/2022,"Jared Diamond (geographer, historian, ornithologist)",,,,"The Third Chimpanzee: The Evolution and Future of the Human Animal, Jared Diamond",,,,
9/22/2022,"Jared Diamond (geographer, historian, ornithologist)",,,,"Collapse: How Societies Choose to Fail or Succeed, Jared Diamond",,,,
9/22/2022,"Jared Diamond (geographer, historian, ornithologist)",,,,"Upheaval: Turning Points for Nations in Crisis, Jared Diamond",,,,